computed_at,spot,atm_strike,atm_iv,iv_rank,iv_pctile,verdict
2026-04-28 09:50:45 IST,24133.95,24150,22.32,,,INSUFFICIENT HISTORY
2026-04-28 09:55:37 IST,24121.85,24100,21.76,,,INSUFFICIENT HISTORY
2026-04-28 10:01:01 IST,24135.0,24150,21.33,,,INSUFFICIENT HISTORY
2026-04-28 10:05:39 IST,24135.0,24150,21.48,,,INSUFFICIENT HISTORY
2026-04-28 10:10:45 IST,24156.95,24150,19.94,,,INSUFFICIENT HISTORY
2026-04-28 10:15:45 IST,24161.75,24150,19.84,-4.2,0.0,"IV LOW — Options cheap, big move expected"
2026-04-28 10:20:44 IST,24146.25,24150,19.79,-2.0,0.0,"IV LOW — Options cheap, big move expected"
2026-04-28 10:25:38 IST,24156.85,24150,19.36,-17.0,0.0,"IV LOW — Options cheap, big move expected"
2026-04-28 10:31:11 IST,24174.55,24150,18.42,-31.8,0.0,"IV LOW — Options cheap, big move expected"
2026-04-28 10:35:39 IST,24170.7,24150,17.99,-11.0,0.0,"IV LOW — Options cheap, big move expected"
2026-04-28 10:40:50 IST,24152.65,24150,18.02,0.7,10.0,"IV LOW — Options cheap, big move expected"
2026-04-28 10:45:48 IST,24152.65,24150,18.18,4.4,18.2,"IV LOW — Options cheap, big move expected"
2026-04-28 10:50:45 IST,24142.25,24150,18.99,23.1,33.3,IV NORMAL — No edge from volatility alone
2026-04-28 10:55:38 IST,24151.7,24150,18.24,5.8,23.1,"IV LOW — Options cheap, big move expected"
2026-04-28 11:01:07 IST,24162.95,24150,17.48,-11.8,0.0,"IV LOW — Options cheap, big move expected"
2026-04-28 11:05:41 IST,24167.9,24150,16.62,-17.8,0.0,"IV LOW — Options cheap, big move expected"
2026-04-28 11:10:46 IST,24167.9,24150,16.79,3.0,6.2,"IV LOW — Options cheap, big move expected"
2026-04-28 11:15:47 IST,24145.65,24150,18.5,33.0,47.1,IV NORMAL — No edge from volatility alone
2026-04-28 11:20:56 IST,24145.65,24150,18.69,36.3,50.0,IV NORMAL — No edge from volatility alone
2026-04-28 11:25:38 IST,24127.45,24150,19.06,42.8,57.9,IV NORMAL — No edge from volatility alone
2026-04-28 11:35:41 IST,24050.55,24050,22.64,105.6,100.0,"IV HIGH — Options expensive, mean-reversion likely"
2026-04-28 11:40:50 IST,24057.85,24050,21.32,78.1,76.2,IV ELEVATED — Slight premium in options
2026-04-28 11:45:48 IST,24082.75,24100,20.56,65.4,72.7,IV ELEVATED — Slight premium in options
2026-04-28 11:50:48 IST,24080.7,24100,20.5,64.5,69.6,IV ELEVATED — Slight premium in options
2026-04-28 11:55:40 IST,24082.15,24100,20.81,69.6,75.0,IV ELEVATED — Slight premium in options
2026-04-28 12:00:59 IST,24074.0,24050,20.6,66.1,72.0,IV ELEVATED — Slight premium in options
2026-04-28 12:05:41 IST,24056.25,24050,20.14,58.5,61.5,IV NORMAL — No edge from volatility alone
2026-04-28 12:10:48 IST,24042.5,24050,20.53,65.0,66.7,IV ELEVATED — Slight premium in options
2026-04-28 12:15:44 IST,24034.6,24050,20.11,58.0,57.1,IV NORMAL — No edge from volatility alone
2026-04-28 12:20:47 IST,24047.95,24050,19.81,53.0,48.3,IV NORMAL — No edge from volatility alone
2026-04-28 12:25:38 IST,24037.7,24050,20.73,68.3,76.7,IV ELEVATED — Slight premium in options
2026-04-28 12:31:14 IST,24015.35,24000,21.11,74.6,80.6,IV ELEVATED — Slight premium in options
2026-04-28 12:35:39 IST,24007.65,24000,20.44,63.5,59.4,IV ELEVATED — Slight premium in options
2026-04-28 12:40:44 IST,24016.2,24000,20.47,64.0,60.6,IV ELEVATED — Slight premium in options
2026-04-28 12:45:47 IST,24008.3,24000,21.0,72.8,79.4,IV ELEVATED — Slight premium in options
2026-04-28 12:50:49 IST,24008.3,24000,21.33,78.2,85.7,IV ELEVATED — Slight premium in options
2026-04-28 12:55:43 IST,24031.25,24050,21.57,82.2,91.7,"IV HIGH — Options expensive, mean-reversion likely"
2026-04-28 13:01:02 IST,24024.25,24000,20.77,68.9,70.3,IV ELEVATED — Slight premium in options
2026-04-28 13:05:40 IST,24001.85,24000,21.31,77.9,78.9,IV ELEVATED — Slight premium in options
2026-04-28 13:10:47 IST,24022.25,24000,20.46,63.8,51.3,IV ELEVATED — Slight premium in options
2026-04-28 13:15:48 IST,24029.3,24050,20.73,68.3,65.0,IV ELEVATED — Slight premium in options
2026-04-28 13:20:49 IST,24018.9,24000,21.38,79.1,87.8,IV ELEVATED — Slight premium in options
2026-04-28 13:25:40 IST,24029.7,24050,21.18,75.7,76.2,IV ELEVATED — Slight premium in options
2026-04-28 13:31:17 IST,24041.75,24050,21.62,83.1,93.0,"IV HIGH — Options expensive, mean-reversion likely"
2026-04-28 13:35:38 IST,24041.75,24050,22.02,89.7,95.5,"IV HIGH — Options expensive, mean-reversion likely"
2026-04-28 13:40:45 IST,23992.7,24000,22.93,104.8,100.0,"IV HIGH — Options expensive, mean-reversion likely"
2026-04-28 13:45:46 IST,23992.7,24000,23.35,106.7,100.0,"IV HIGH — Options expensive, mean-reversion likely"
2026-04-28 13:50:47 IST,23992.7,24000,23.93,108.6,100.0,"IV HIGH — Options expensive, mean-reversion likely"
2026-04-28 13:55:40 IST,23991.45,24000,23.7,96.9,97.9,"IV HIGH — Options expensive, mean-reversion likely"
2026-04-28 14:01:03 IST,24010.5,24000,22.8,84.5,91.8,"IV HIGH — Options expensive, mean-reversion likely"
2026-04-28 14:05:43 IST,24010.5,24000,23.42,93.0,96.0,"IV HIGH — Options expensive, mean-reversion likely"
2026-04-28 14:10:46 IST,23999.2,24000,22.61,81.9,86.3,"IV HIGH — Options expensive, mean-reversion likely"
2026-04-28 14:15:49 IST,24006.9,24000,23.15,89.3,92.3,"IV HIGH — Options expensive, mean-reversion likely"
2026-04-28 14:20:47 IST,23984.5,24000,23.63,95.9,96.2,"IV HIGH — Options expensive, mean-reversion likely"
2026-04-28 14:25:39 IST,23992.2,24000,22.47,80.0,81.5,"IV HIGH — Options expensive, mean-reversion likely"
2026-04-28 14:35:44 IST,24018.7,24000,20.5,53.1,40.0,IV NORMAL — No edge from volatility alone
2026-04-28 14:40:51 IST,24014.25,24000,22.84,85.1,87.5,"IV HIGH — Options expensive, mean-reversion likely"
2026-04-28 14:45:47 IST,24028.15,24050,21.89,72.1,75.4,IV ELEVATED — Slight premium in options
2026-04-28 14:50:48 IST,24023.3,24000,22.1,75.0,77.6,IV ELEVATED — Slight premium in options
2026-04-28 14:55:39 IST,24037.5,24050,19.26,36.1,20.3,IV NORMAL — No edge from volatility alone
2026-04-28 15:01:02 IST,24035.75,24050,17.88,17.2,5.0,"IV LOW — Options cheap, big move expected"
2026-04-28 15:05:39 IST,24035.75,24050,19.5,39.4,24.6,IV NORMAL — No edge from volatility alone
2026-04-28 15:10:51 IST,24008.95,24000,23.23,90.4,91.9,"IV HIGH — Options expensive, mean-reversion likely"
2026-04-28 15:15:56 IST,24008.95,24000,27.07,143.0,100.0,"IV HIGH — Options expensive, mean-reversion likely"
2026-04-28 15:20:48 IST,23969.4,23950,27.67,105.7,100.0,"IV HIGH — Options expensive, mean-reversion likely"
2026-04-28 15:25:42 IST,23968.35,23950,53.12,330.3,100.0,"IV HIGH — Options expensive, mean-reversion likely"
2026-04-29 09:01:01 IST,23999.3,24000,16.97,1.0,3.0,"IV LOW — Options cheap, big move expected"
2026-04-29 09:05:41 IST,24082.8,24100,17.06,1.2,4.5,"IV LOW — Options cheap, big move expected"
2026-04-29 09:10:44 IST,24131.1,24150,17.23,1.7,5.9,"IV LOW — Options cheap, big move expected"
2026-04-29 09:15:56 IST,24096.9,24100,17.05,1.2,4.3,"IV LOW — Options cheap, big move expected"
2026-04-29 09:20:50 IST,24103.55,24100,16.06,-1.5,0.0,"IV LOW — Options cheap, big move expected"
2026-04-29 09:25:38 IST,24110.4,24100,14.96,-3.0,0.0,"IV LOW — Options cheap, big move expected"
2026-04-29 09:31:10 IST,24073.65,24050,15.49,1.4,1.4,"IV LOW — Options cheap, big move expected"
2026-04-29 09:35:42 IST,24073.65,24050,15.5,1.4,2.7,"IV LOW — Options cheap, big move expected"
2026-04-29 09:40:47 IST,24097.9,24100,15.09,0.3,1.4,"IV LOW — Options cheap, big move expected"
2026-04-29 09:45:47 IST,24112.0,24100,15.02,0.2,1.3,"IV LOW — Options cheap, big move expected"
2026-04-29 09:50:47 IST,24146.7,24150,14.9,-0.2,0.0,"IV LOW — Options cheap, big move expected"
2026-04-29 09:55:41 IST,24160.55,24150,14.75,-0.4,0.0,"IV LOW — Options cheap, big move expected"
2026-04-29 10:01:01 IST,24176.65,24200,14.83,0.2,1.3,"IV LOW — Options cheap, big move expected"
2026-04-29 10:05:40 IST,24175.8,24200,14.62,-0.3,0.0,"IV LOW — Options cheap, big move expected"
2026-04-29 10:10:55 IST,24204.9,24200,15.14,1.4,8.8,"IV LOW — Options cheap, big move expected"
2026-04-29 10:15:50 IST,24211.05,24200,15.37,1.9,9.9,"IV LOW — Options cheap, big move expected"
2026-04-29 10:20:46 IST,24237.9,24250,15.51,2.3,13.4,"IV LOW — Options cheap, big move expected"
2026-04-29 10:25:37 IST,24244.45,24250,15.7,2.8,14.5,"IV LOW — Options cheap, big move expected"
2026-04-29 10:31:18 IST,24267.8,24250,16.15,4.0,16.7,"IV LOW — Options cheap, big move expected"
2026-04-29 10:35:37 IST,24279.7,24300,15.64,2.6,14.1,"IV LOW — Options cheap, big move expected"
2026-04-29 10:40:44 IST,24285.1,24300,15.72,2.9,16.3,"IV LOW — Options cheap, big move expected"
2026-04-29 10:45:47 IST,24270.1,24250,15.94,3.4,17.2,"IV LOW — Options cheap, big move expected"
2026-04-29 10:50:46 IST,24266.55,24250,15.83,3.1,17.0,"IV LOW — Options cheap, big move expected"
2026-04-29 10:55:37 IST,24271.55,24250,15.64,2.6,13.5,"IV LOW — Options cheap, big move expected"
2026-04-29 11:01:00 IST,24284.5,24300,15.63,2.6,13.3,"IV LOW — Options cheap, big move expected"
2026-04-29 11:05:37 IST,24291.15,24300,15.61,2.6,13.2,"IV LOW — Options cheap, big move expected"
2026-04-29 11:10:56 IST,24276.15,24300,15.56,2.4,13.0,"IV LOW — Options cheap, big move expected"
2026-04-29 11:15:46 IST,24291.5,24300,15.5,2.3,10.8,"IV LOW — Options cheap, big move expected"
2026-04-29 11:20:45 IST,24292.4,24300,15.37,1.9,8.5,"IV LOW — Options cheap, big move expected"
2026-04-29 11:25:41 IST,24276.8,24300,15.31,1.8,8.4,"IV LOW — Options cheap, big move expected"
2026-04-29 11:31:09 IST,24280.4,24300,15.35,1.9,9.4,"IV LOW — Options cheap, big move expected"
2026-04-29 11:35:39 IST,24265.9,24250,15.48,2.2,12.4,"IV LOW — Options cheap, big move expected"
2026-04-29 11:40:47 IST,24278.0,24300,15.3,1.8,8.2,"IV LOW — Options cheap, big move expected"
2026-04-29 11:45:48 IST,24283.4,24300,15.29,1.7,8.1,"IV LOW — Options cheap, big move expected"
2026-04-29 11:50:55 IST,24264.1,24250,15.49,2.3,15.0,"IV LOW — Options cheap, big move expected"
2026-04-29 11:55:44 IST,24269.55,24250,15.34,1.9,10.9,"IV LOW — Options cheap, big move expected"
2026-04-29 12:05:38 IST,24277.85,24300,15.16,1.4,7.8,"IV LOW — Options cheap, big move expected"
2026-04-29 12:10:45 IST,24273.9,24250,15.35,1.9,12.6,"IV LOW — Options cheap, big move expected"
2026-04-29 12:15:43 IST,24293.3,24300,15.21,1.5,8.7,"IV LOW — Options cheap, big move expected"
2026-04-29 12:20:51 IST,24290.15,24300,15.25,1.6,9.5,"IV LOW — Options cheap, big move expected"
2026-04-29 12:25:37 IST,24300.25,24300,15.2,1.5,8.5,"IV LOW — Options cheap, big move expected"
2026-04-29 12:31:14 IST,24310.1,24300,15.28,1.7,11.2,"IV LOW — Options cheap, big move expected"
2026-04-29 12:35:41 IST,24306.8,24300,15.23,1.6,10.2,"IV LOW — Options cheap, big move expected"
2026-04-29 12:40:47 IST,24325.2,24350,15.14,1.4,6.4,"IV LOW — Options cheap, big move expected"
2026-04-29 12:45:48 IST,24330.7,24350,15.12,1.3,6.4,"IV LOW — Options cheap, big move expected"
2026-04-29 12:50:46 IST,24325.4,24350,15.06,1.1,5.4,"IV LOW — Options cheap, big move expected"
2026-04-29 12:55:39 IST,24321.8,24300,15.28,1.7,14.3,"IV LOW — Options cheap, big move expected"
2026-04-29 13:01:01 IST,24324.2,24300,15.17,1.4,10.6,"IV LOW — Options cheap, big move expected"
2026-04-29 13:05:41 IST,24317.95,24300,15.22,1.6,13.2,"IV LOW — Options cheap, big move expected"
2026-04-29 13:10:45 IST,24316.65,24300,15.19,1.5,11.3,"IV LOW — Options cheap, big move expected"
2026-04-29 13:15:50 IST,24319.05,24300,15.19,1.5,11.2,"IV LOW — Options cheap, big move expected"
2026-04-29 13:20:47 IST,24318.25,24300,15.14,1.4,7.7,"IV LOW — Options cheap, big move expected"
2026-04-29 13:25:39 IST,24321.2,24300,15.19,1.5,11.9,"IV LOW — Options cheap, big move expected"
2026-04-29 13:31:12 IST,24310.1,24300,15.16,1.4,10.1,"IV LOW — Options cheap, big move expected"
2026-04-29 13:35:44 IST,24311.4,24300,15.18,1.5,12.5,"IV LOW — Options cheap, big move expected"
2026-04-29 13:40:49 IST,24314.55,24300,15.29,1.7,21.5,"IV LOW — Options cheap, big move expected"
2026-04-29 13:45:49 IST,24280.3,24300,15.32,1.8,24.6,"IV LOW — Options cheap, big move expected"
2026-04-29 13:50:47 IST,24280.3,24300,15.33,1.8,25.2,"IV LOW — Options cheap, big move expected"
2026-04-29 13:55:41 IST,24269.35,24250,15.19,1.5,12.9,"IV LOW — Options cheap, big move expected"
2026-04-29 14:01:04 IST,24275.65,24300,15.07,1.2,5.6,"IV LOW — Options cheap, big move expected"
2026-04-29 14:05:44 IST,24262.0,24250,15.22,1.6,18.3,"IV LOW — Options cheap, big move expected"
2026-04-29 14:10:43 IST,24204.75,24200,15.39,2.0,31.5,"IV LOW — Options cheap, big move expected"
2026-04-29 14:15:58 IST,24207.8,24200,15.32,1.8,25.8,"IV LOW — Options cheap, big move expected"
2026-04-29 14:20:52 IST,24213.4,24200,15.08,1.2,6.2,"IV LOW — Options cheap, big move expected"
2026-04-29 14:25:38 IST,24191.6,24200,15.11,1.3,7.7,"IV LOW — Options cheap, big move expected"
2026-04-29 14:31:23 IST,24215.05,24200,15.18,1.5,13.7,"IV LOW — Options cheap, big move expected"
2026-04-29 14:35:46 IST,24185.5,24200,15.18,1.5,13.6,"IV LOW — Options cheap, big move expected"
2026-04-29 14:40:48 IST,24203.95,24200,15.22,1.6,20.3,"IV LOW — Options cheap, big move expected"
2026-04-29 14:45:51 IST,24208.15,24200,15.25,1.6,23.1,"IV LOW — Options cheap, big move expected"
2026-04-29 14:50:49 IST,24208.15,24200,15.26,1.7,24.4,"IV LOW — Options cheap, big move expected"
2026-04-29 14:55:40 IST,24202.9,24200,15.41,2.1,36.0,"IV LOW — Options cheap, big move expected"
2026-04-29 15:01:00 IST,24202.05,24200,15.38,2.0,35.0,"IV LOW — Options cheap, big move expected"
2026-04-29 15:05:39 IST,24196.6,24200,15.3,1.8,27.5,"IV LOW — Options cheap, big move expected"
2026-04-29 15:10:50 IST,24187.75,24200,15.24,1.6,22.3,"IV LOW — Options cheap, big move expected"
2026-04-29 15:15:58 IST,24180.6,24200,15.36,1.9,34.3,"IV LOW — Options cheap, big move expected"
2026-04-29 15:20:44 IST,24167.6,24150,15.26,1.7,24.1,"IV LOW — Options cheap, big move expected"
2026-04-29 15:25:53 IST,24155.95,24150,15.5,2.3,40.8,"IV LOW — Options cheap, big move expected"
2026-04-29 15:31:15 IST,24158.65,24150,15.27,1.7,25.2,"IV LOW — Options cheap, big move expected"
2026-04-29 15:35:47 IST,24158.65,24150,15.27,1.7,25.0,"IV LOW — Options cheap, big move expected"
2026-04-29 15:40:46 IST,24158.65,24150,15.28,1.7,26.2,"IV LOW — Options cheap, big move expected"
2026-04-29 15:45:53 IST,24158.65,24150,15.28,1.7,26.0,"IV LOW — Options cheap, big move expected"
2026-04-29 15:50:47 IST,24158.65,24150,15.28,1.7,25.9,"IV LOW — Options cheap, big move expected"
2026-04-29 15:55:39 IST,24158.65,24150,15.29,1.7,29.1,"IV LOW — Options cheap, big move expected"
2026-04-29 16:01:10 IST,24158.65,24150,15.29,1.7,28.9,"IV LOW — Options cheap, big move expected"
2026-04-29 16:05:39 IST,24158.65,24150,15.3,1.8,31.3,"IV LOW — Options cheap, big move expected"
2026-04-29 16:10:45 IST,24158.65,24150,15.3,1.8,31.1,"IV LOW — Options cheap, big move expected"
2026-04-29 16:15:48 IST,24158.65,24150,15.31,1.8,33.6,"IV LOW — Options cheap, big move expected"
2026-04-29 16:20:51 IST,24158.65,24150,15.31,1.8,33.3,"IV LOW — Options cheap, big move expected"
2026-04-29 16:25:42 IST,24158.65,24150,15.32,1.8,35.1,"IV LOW — Options cheap, big move expected"
2026-04-30 09:00:54 IST,24158.65,24150,16.29,4.3,54.8,"IV LOW — Options cheap, big move expected"
2026-04-30 09:05:37 IST,24051.75,24050,16.94,6.0,56.4,"IV LOW — Options cheap, big move expected"
2026-04-30 09:10:46 IST,24051.4,24050,16.95,6.1,56.7,"IV LOW — Options cheap, big move expected"
2026-04-30 09:15:48 IST,23996.95,24000,17.64,7.8,60.1,"IV LOW — Options cheap, big move expected"
2026-04-30 09:20:47 IST,23996.95,24000,17.65,7.9,60.4,"IV LOW — Options cheap, big move expected"
2026-04-30 09:25:32 IST,23946.8,23950,15.91,3.4,51.2,"IV LOW — Options cheap, big move expected"
2026-04-30 09:31:15 IST,23898.4,23900,16.06,3.7,52.2,"IV LOW — Options cheap, big move expected"
2026-04-30 09:35:35 IST,23870.85,23850,16.28,4.3,53.7,"IV LOW — Options cheap, big move expected"
2026-04-30 09:40:50 IST,23906.9,23900,16.17,4.0,53.4,"IV LOW — Options cheap, big move expected"
2026-04-30 09:45:45 IST,23898.3,23900,16.19,4.1,53.7,"IV LOW — Options cheap, big move expected"
2026-04-30 09:55:45 IST,23919.35,23900,16.31,4.4,55.2,"IV LOW — Options cheap, big move expected"
2026-04-30 10:00:56 IST,23906.95,23900,16.22,4.2,53.6,"IV LOW — Options cheap, big move expected"
2026-04-30 10:05:36 IST,23874.65,23850,16.36,4.5,55.7,"IV LOW — Options cheap, big move expected"
2026-04-30 10:10:41 IST,23854.0,23850,16.76,5.6,56.5,"IV LOW — Options cheap, big move expected"
2026-04-30 10:15:48 IST,23839.6,23850,16.71,5.4,56.2,"IV LOW — Options cheap, big move expected"
2026-04-30 10:20:51 IST,23830.45,23850,17.09,6.4,60.6,"IV LOW — Options cheap, big move expected"
2026-04-30 10:25:37 IST,23834.15,23850,17.24,6.8,61.4,"IV LOW — Options cheap, big move expected"
2026-04-30 10:35:35 IST,23826.1,23850,17.17,6.6,60.5,"IV LOW — Options cheap, big move expected"
2026-04-30 10:40:40 IST,23837.7,23850,17.12,6.5,60.1,"IV LOW — Options cheap, big move expected"
2026-04-30 10:45:46 IST,23855.25,23850,16.87,5.8,56.3,"IV LOW — Options cheap, big move expected"
2026-04-30 10:50:52 IST,23827.85,23850,16.98,6.1,58.3,"IV LOW — Options cheap, big move expected"
2026-04-30 10:55:34 IST,23813.25,23800,17.28,6.9,62.5,"IV LOW — Options cheap, big move expected"
2026-04-30 11:01:02 IST,23810.5,23800,17.25,6.8,62.1,"IV LOW — Options cheap, big move expected"
2026-04-30 11:05:48 IST,23821.2,23800,17.3,7.0,62.9,"IV LOW — Options cheap, big move expected"
2026-04-30 11:10:39 IST,23813.05,23800,17.27,6.9,62.0,"IV LOW — Options cheap, big move expected"
2026-04-30 11:15:52 IST,23823.1,23800,16.91,5.9,55.0,"IV LOW — Options cheap, big move expected"
2026-04-30 11:20:44 IST,23797.85,23800,17.23,6.8,60.2,"IV LOW — Options cheap, big move expected"
2026-04-30 11:25:45 IST,23810.9,23800,17.2,6.7,59.9,"IV LOW — Options cheap, big move expected"
2026-04-30 11:35:39 IST,23829.75,23850,17.07,6.4,57.9,"IV LOW — Options cheap, big move expected"
2026-04-30 11:45:41 IST,23843.65,23850,17.05,6.3,56.5,"IV LOW — Options cheap, big move expected"
2026-04-30 11:50:50 IST,23838.2,23850,17.2,6.7,60.0,"IV LOW — Options cheap, big move expected"
2026-04-30 11:55:38 IST,23846.8,23850,16.97,6.1,54.8,"IV LOW — Options cheap, big move expected"
2026-04-30 12:00:57 IST,23835.0,23850,17.15,6.6,59.4,"IV LOW — Options cheap, big move expected"
2026-04-30 12:05:44 IST,23843.2,23850,16.91,5.9,52.7,"IV LOW — Options cheap, big move expected"
2026-04-30 12:10:42 IST,23841.2,23850,16.59,5.1,49.7,"IV LOW — Options cheap, big move expected"
2026-04-30 12:15:44 IST,23869.25,23850,16.4,4.6,49.5,"IV LOW — Options cheap, big move expected"
2026-04-30 12:20:41 IST,23901.7,23900,16.24,4.2,47.1,"IV LOW — Options cheap, big move expected"
2026-04-30 12:25:45 IST,23882.9,23900,16.56,5.0,50.0,"IV LOW — Options cheap, big move expected"
2026-04-30 12:31:11 IST,23912.4,23900,16.33,4.4,48.7,"IV LOW — Options cheap, big move expected"
2026-04-30 12:35:36 IST,23913.4,23900,16.41,4.6,50.0,"IV LOW — Options cheap, big move expected"
2026-04-30 12:40:43 IST,23915.5,23900,16.39,4.6,49.2,"IV LOW — Options cheap, big move expected"
2026-04-30 12:45:55 IST,23903.55,23900,16.45,4.8,50.5,"IV LOW — Options cheap, big move expected"
2026-04-30 12:50:48 IST,23912.65,23900,16.27,4.3,46.2,"IV LOW — Options cheap, big move expected"
2026-04-30 12:55:38 IST,23927.3,23950,16.13,3.9,43.4,"IV LOW — Options cheap, big move expected"
2026-04-30 13:01:03 IST,23931.85,23950,16.16,4.0,44.2,"IV LOW — Options cheap, big move expected"
2026-04-30 13:05:40 IST,23938.35,23950,16.32,4.4,48.5,"IV LOW — Options cheap, big move expected"
2026-04-30 13:10:42 IST,23923.65,23900,16.29,4.3,47.3,"IV LOW — Options cheap, big move expected"
2026-04-30 13:15:45 IST,23938.1,23950,16.17,4.0,44.1,"IV LOW — Options cheap, big move expected"
2026-04-30 13:25:46 IST,23941.95,23950,15.88,3.3,40.4,"IV LOW — Options cheap, big move expected"
2026-04-30 13:31:23 IST,23968.2,23950,15.97,3.5,41.7,"IV LOW — Options cheap, big move expected"
2026-04-30 13:35:38 IST,23972.2,23950,15.96,3.5,41.5,"IV LOW — Options cheap, big move expected"
2026-04-30 13:45:43 IST,23978.25,24000,15.82,3.1,39.3,"IV LOW — Options cheap, big move expected"
2026-04-30 13:50:53 IST,24026.9,24050,16.14,3.9,44.0,"IV LOW — Options cheap, big move expected"
2026-04-30 13:55:44 IST,24038.85,24050,16.3,4.4,49.5,"IV LOW — Options cheap, big move expected"
2026-04-30 14:00:58 IST,24047.55,24050,16.23,4.2,46.9,"IV LOW — Options cheap, big move expected"
2026-04-30 14:05:37 IST,24054.55,24050,15.93,3.4,40.5,"IV LOW — Options cheap, big move expected"
2026-04-30 14:20:44 IST,24024.05,24000,16.13,3.9,43.1,"IV LOW — Options cheap, big move expected"
2026-04-30 14:25:34 IST,23995.9,24000,15.94,3.4,40.6,"IV LOW — Options cheap, big move expected"
2026-04-30 14:35:41 IST,24010.3,24000,16.12,3.9,43.2,"IV LOW — Options cheap, big move expected"
2026-04-30 14:40:46 IST,24010.3,24000,16.12,3.9,43.0,"IV LOW — Options cheap, big move expected"
2026-04-30 14:45:50 IST,24060.0,24050,16.06,3.7,41.9,"IV LOW — Options cheap, big move expected"
2026-04-30 14:50:52 IST,24077.95,24100,16.16,4.0,45.8,"IV LOW — Options cheap, big move expected"
2026-04-30 14:55:49 IST,24077.95,24100,16.17,4.0,46.5,"IV LOW — Options cheap, big move expected"
2026-04-30 15:01:06 IST,24025.6,24050,16.01,3.6,41.3,"IV LOW — Options cheap, big move expected"
2026-04-30 15:05:40 IST,24051.9,24050,16.1,3.8,42.9,"IV LOW — Options cheap, big move expected"
2026-04-30 15:10:45 IST,23993.3,24000,16.23,4.2,49.1,"IV LOW — Options cheap, big move expected"
2026-04-30 15:15:52 IST,23969.35,23950,16.79,5.6,58.4,"IV LOW — Options cheap, big move expected"
2026-04-30 15:20:43 IST,23989.0,24000,16.29,4.3,50.9,"IV LOW — Options cheap, big move expected"
2026-04-30 15:31:10 IST,24010.0,24000,16.4,4.6,54.7,"IV LOW — Options cheap, big move expected"
2026-04-30 15:35:44 IST,24010.0,24000,16.4,4.6,54.5,"IV LOW — Options cheap, big move expected"
2026-04-30 15:40:41 IST,24010.0,24000,16.41,4.6,55.6,"IV LOW — Options cheap, big move expected"
2026-04-30 15:45:54 IST,24010.0,24000,16.41,4.6,55.3,"IV LOW — Options cheap, big move expected"
2026-04-30 15:50:43 IST,24010.0,24000,16.42,4.7,56.4,"IV LOW — Options cheap, big move expected"
2026-04-30 15:55:46 IST,24010.0,24000,16.42,4.7,56.1,"IV LOW — Options cheap, big move expected"
2026-04-30 16:01:01 IST,24010.0,24000,16.43,4.7,56.8,"IV LOW — Options cheap, big move expected"
2026-04-30 16:05:39 IST,24010.0,24000,16.44,4.7,57.0,"IV LOW — Options cheap, big move expected"
2026-04-30 16:10:52 IST,24010.0,24000,16.44,4.7,56.7,"IV LOW — Options cheap, big move expected"
2026-04-30 16:15:48 IST,24010.0,24000,16.45,4.8,57.3,"IV LOW — Options cheap, big move expected"
2026-04-30 16:20:48 IST,24010.0,24000,16.45,4.8,57.1,"IV LOW — Options cheap, big move expected"
2026-04-30 16:25:39 IST,24010.0,24000,16.46,4.8,58.1,"IV LOW — Options cheap, big move expected"
2026-05-01 09:00:57 IST,24010.0,24000,17.75,8.1,73.2,"IV LOW — Options cheap, big move expected"
2026-05-01 09:05:34 IST,23997.55,24000,17.59,7.7,72.0,"IV LOW — Options cheap, big move expected"
2026-05-01 09:15:44 IST,23997.55,24000,17.61,7.8,72.2,"IV LOW — Options cheap, big move expected"
2026-05-01 09:20:38 IST,23997.55,24000,17.61,7.8,71.8,"IV LOW — Options cheap, big move expected"
2026-05-01 09:25:35 IST,23997.55,24000,17.62,7.8,72.4,"IV LOW — Options cheap, big move expected"
2026-05-01 09:31:06 IST,23997.55,24000,17.63,7.8,72.5,"IV LOW — Options cheap, big move expected"
2026-05-01 09:35:35 IST,23997.55,24000,17.64,7.8,72.6,"IV LOW — Options cheap, big move expected"
2026-05-01 09:40:49 IST,23997.55,24000,17.64,7.8,72.3,"IV LOW — Options cheap, big move expected"
2026-05-01 09:45:44 IST,23997.55,24000,17.65,7.9,73.3,"IV LOW — Options cheap, big move expected"
2026-05-01 09:50:42 IST,23997.55,24000,17.66,7.9,73.8,"IV LOW — Options cheap, big move expected"
2026-05-01 09:55:42 IST,23997.55,24000,17.66,7.9,73.5,"IV LOW — Options cheap, big move expected"
2026-05-01 10:01:02 IST,23997.55,24000,17.67,7.9,74.0,"IV LOW — Options cheap, big move expected"
2026-05-01 10:05:33 IST,23997.55,24000,17.68,7.9,74.1,"IV LOW — Options cheap, big move expected"
2026-05-01 10:10:45 IST,23997.55,24000,17.69,8.0,74.2,"IV LOW — Options cheap, big move expected"
2026-05-01 10:15:49 IST,23997.55,24000,17.69,8.0,73.9,"IV LOW — Options cheap, big move expected"
2026-05-01 10:25:35 IST,23997.55,24000,17.71,8.0,74.4,"IV LOW — Options cheap, big move expected"
2026-05-01 10:31:13 IST,23997.55,24000,17.72,8.1,74.5,"IV LOW — Options cheap, big move expected"
2026-05-01 10:35:45 IST,23997.55,24000,17.72,8.1,74.2,"IV LOW — Options cheap, big move expected"
2026-05-01 10:40:53 IST,23997.55,24000,17.73,8.1,74.7,"IV LOW — Options cheap, big move expected"
2026-05-01 10:45:38 IST,23997.55,24000,17.74,8.1,74.8,"IV LOW — Options cheap, big move expected"
2026-05-01 10:50:43 IST,23997.55,24000,17.75,8.1,74.9,"IV LOW — Options cheap, big move expected"
2026-05-01 11:00:52 IST,23997.55,24000,17.76,8.2,75.4,"IV LOW — Options cheap, big move expected"
2026-05-01 11:05:34 IST,23997.55,24000,17.77,8.2,75.5,"IV LOW — Options cheap, big move expected"
2026-05-01 11:10:51 IST,23997.55,24000,17.77,8.2,75.2,"IV LOW — Options cheap, big move expected"
2026-05-01 11:15:43 IST,23997.55,24000,17.78,8.2,75.7,"IV LOW — Options cheap, big move expected"
2026-05-01 11:20:40 IST,23997.55,24000,17.79,8.2,75.8,"IV LOW — Options cheap, big move expected"
2026-05-01 11:25:42 IST,23997.55,24000,17.8,8.3,75.9,"IV LOW — Options cheap, big move expected"
2026-05-01 11:31:07 IST,23997.55,24000,17.8,8.3,75.6,"IV LOW — Options cheap, big move expected"
2026-05-01 11:35:37 IST,23997.55,24000,17.81,8.3,76.0,"IV LOW — Options cheap, big move expected"
2026-05-01 11:40:45 IST,23997.55,24000,17.82,8.3,76.1,"IV LOW — Options cheap, big move expected"
2026-05-01 11:45:43 IST,23997.55,24000,17.83,8.3,76.2,"IV LOW — Options cheap, big move expected"
2026-05-01 11:50:48 IST,23997.55,24000,17.83,8.3,75.9,"IV LOW — Options cheap, big move expected"
2026-05-01 11:55:33 IST,23997.55,24000,17.84,8.4,76.4,"IV LOW — Options cheap, big move expected"
2026-05-01 12:01:02 IST,23997.55,24000,17.85,8.4,76.5,"IV LOW — Options cheap, big move expected"
2026-05-01 12:05:37 IST,23997.55,24000,17.86,8.4,76.6,"IV LOW — Options cheap, big move expected"
2026-05-01 12:10:49 IST,23997.55,24000,17.86,8.4,76.3,"IV LOW — Options cheap, big move expected"
2026-05-01 12:15:43 IST,23997.55,24000,17.87,8.4,76.8,"IV LOW — Options cheap, big move expected"
2026-05-01 12:20:48 IST,23997.55,24000,17.88,8.5,76.8,"IV LOW — Options cheap, big move expected"
2026-05-01 12:25:34 IST,23997.55,24000,17.89,8.5,77.3,"IV LOW — Options cheap, big move expected"
2026-05-01 12:31:04 IST,23997.55,24000,17.89,8.5,77.0,"IV LOW — Options cheap, big move expected"
2026-05-01 12:35:57 IST,23997.55,24000,17.9,8.5,77.5,"IV LOW — Options cheap, big move expected"
2026-05-01 12:40:42 IST,23997.55,24000,17.91,8.5,77.5,"IV LOW — Options cheap, big move expected"
2026-05-01 12:50:50 IST,23997.55,24000,17.92,8.6,77.6,"IV LOW — Options cheap, big move expected"
2026-05-01 12:55:37 IST,23997.55,24000,17.93,8.6,77.7,"IV LOW — Options cheap, big move expected"
2026-05-01 13:00:54 IST,23997.55,24000,17.94,8.6,77.8,"IV LOW — Options cheap, big move expected"
2026-05-01 13:05:38 IST,23997.55,24000,17.95,8.6,77.9,"IV LOW — Options cheap, big move expected"
2026-05-01 13:10:39 IST,23997.55,24000,17.95,8.6,77.6,"IV LOW — Options cheap, big move expected"
2026-05-01 13:15:44 IST,23997.55,24000,17.96,8.7,78.0,"IV LOW — Options cheap, big move expected"
2026-05-01 13:20:41 IST,23997.55,24000,17.97,8.7,78.1,"IV LOW — Options cheap, big move expected"
2026-05-01 13:25:38 IST,23997.55,24000,17.98,8.7,78.2,"IV LOW — Options cheap, big move expected"
2026-05-01 13:31:03 IST,23997.55,24000,17.99,8.8,78.2,"IV LOW — Options cheap, big move expected"
2026-05-01 13:35:43 IST,23997.55,24000,17.99,8.8,78.0,"IV LOW — Options cheap, big move expected"
2026-05-01 13:45:46 IST,23997.55,24000,18.01,8.8,78.7,"IV LOW — Options cheap, big move expected"
2026-05-01 13:50:45 IST,23997.55,24000,18.02,8.8,78.8,"IV LOW — Options cheap, big move expected"
2026-05-01 13:55:38 IST,23997.55,24000,18.02,8.8,78.5,"IV LOW — Options cheap, big move expected"
2026-05-01 14:00:52 IST,23997.55,24000,18.03,8.9,79.3,"IV LOW — Options cheap, big move expected"
2026-05-01 14:05:42 IST,23997.55,24000,18.04,8.9,79.4,"IV LOW — Options cheap, big move expected"
2026-05-01 14:10:41 IST,23997.55,24000,18.05,8.9,79.5,"IV LOW — Options cheap, big move expected"
2026-05-01 14:15:42 IST,23997.55,24000,18.05,8.9,79.2,"IV LOW — Options cheap, big move expected"
2026-05-01 14:20:44 IST,23997.55,24000,18.06,8.9,79.6,"IV LOW — Options cheap, big move expected"
2026-05-01 14:25:34 IST,23997.55,24000,18.07,9.0,79.7,"IV LOW — Options cheap, big move expected"
2026-05-01 14:31:07 IST,23997.55,24000,18.08,9.0,79.7,"IV LOW — Options cheap, big move expected"
2026-05-01 14:40:50 IST,23997.55,24000,18.09,9.0,79.8,"IV LOW — Options cheap, big move expected"
2026-05-01 14:45:46 IST,23997.55,24000,18.1,9.0,79.9,"IV LOW — Options cheap, big move expected"
2026-05-01 14:50:52 IST,23997.55,24000,18.11,9.1,79.9,"IV LOW — Options cheap, big move expected"
2026-05-01 14:55:37 IST,23997.55,24000,18.12,9.1,80.0,"IV LOW — Options cheap, big move expected"
2026-05-01 15:00:51 IST,23997.55,24000,18.13,9.1,80.1,"IV LOW — Options cheap, big move expected"
2026-05-01 15:10:45 IST,23997.55,24000,18.14,9.1,80.1,"IV LOW — Options cheap, big move expected"
2026-05-01 15:15:49 IST,23997.55,24000,18.15,9.2,80.2,"IV LOW — Options cheap, big move expected"
2026-05-01 15:20:47 IST,23997.55,24000,18.16,9.2,80.3,"IV LOW — Options cheap, big move expected"
2026-05-01 15:25:43 IST,23997.55,24000,18.16,9.2,80.0,"IV LOW — Options cheap, big move expected"
2026-05-01 15:31:11 IST,23997.55,24000,18.17,9.2,80.4,"IV LOW — Options cheap, big move expected"
2026-05-01 15:35:42 IST,23997.55,24000,18.18,9.2,80.5,"IV LOW — Options cheap, big move expected"
2026-05-01 15:40:41 IST,23997.55,24000,18.19,9.3,80.8,"IV LOW — Options cheap, big move expected"
2026-05-01 15:45:43 IST,23997.55,24000,18.2,9.3,80.9,"IV LOW — Options cheap, big move expected"
2026-05-01 15:50:48 IST,23997.55,24000,18.2,9.3,80.6,"IV LOW — Options cheap, big move expected"
2026-05-01 15:55:45 IST,23997.55,24000,18.21,9.3,81.0,"IV LOW — Options cheap, big move expected"
2026-05-01 16:00:52 IST,23997.55,24000,18.22,9.4,81.1,"IV LOW — Options cheap, big move expected"
2026-05-01 16:05:38 IST,23997.55,24000,18.23,9.4,81.2,"IV LOW — Options cheap, big move expected"
2026-05-01 16:10:42 IST,23997.55,24000,18.24,9.4,81.2,"IV LOW — Options cheap, big move expected"
2026-05-01 16:15:41 IST,23997.55,24000,18.24,9.4,81.0,"IV LOW — Options cheap, big move expected"
2026-05-01 16:20:43 IST,23997.55,24000,18.25,9.4,81.6,"IV LOW — Options cheap, big move expected"
2026-05-01 16:25:45 IST,23997.55,24000,18.26,9.5,81.7,"IV LOW — Options cheap, big move expected"
2026-05-04 09:01:01 IST,23997.55,24000,32.26,45.8,99.7,IV NORMAL — No edge from volatility alone
2026-05-04 09:05:38 IST,23997.55,24000,32.3,45.9,99.7,IV NORMAL — No edge from volatility alone
2026-05-04 09:10:49 IST,24079.0,24100,31.61,44.1,99.1,IV NORMAL — No edge from volatility alone
2026-05-04 09:15:49 IST,24079.0,24100,31.66,44.3,99.1,IV NORMAL — No edge from volatility alone
2026-05-04 09:20:42 IST,24181.65,24200,24.3,25.1,97.8,IV NORMAL — No edge from volatility alone
2026-05-04 09:25:43 IST,24195.55,24200,23.04,21.9,95.4,IV NORMAL — No edge from volatility alone
2026-05-04 09:31:10 IST,24195.55,24200,23.08,22.0,95.4,IV NORMAL — No edge from volatility alone
2026-05-04 09:35:51 IST,24230.9,24250,21.89,18.9,91.7,"IV LOW — Options cheap, big move expected"
2026-05-04 09:40:48 IST,24243.25,24250,21.81,18.7,91.4,"IV LOW — Options cheap, big move expected"
2026-05-04 09:45:41 IST,24243.25,24250,21.84,18.8,91.4,"IV LOW — Options cheap, big move expected"
2026-05-04 09:50:41 IST,24271.45,24250,21.15,17.0,87.8,"IV LOW — Options cheap, big move expected"
2026-05-04 09:55:37 IST,24260.25,24250,21.19,17.1,88.1,"IV LOW — Options cheap, big move expected"
2026-05-04 10:01:03 IST,24241.35,24250,21.03,16.6,87.0,"IV LOW — Options cheap, big move expected"
2026-05-04 10:05:36 IST,24244.3,24250,21.32,17.4,88.5,"IV LOW — Options cheap, big move expected"
2026-05-04 10:10:49 IST,24218.3,24200,21.92,19.0,92.2,"IV LOW — Options cheap, big move expected"
2026-05-04 10:15:46 IST,24225.05,24250,21.24,17.2,87.7,"IV LOW — Options cheap, big move expected"
2026-05-04 10:20:42 IST,24182.8,24200,22.28,19.9,92.8,"IV LOW — Options cheap, big move expected"
2026-05-04 10:25:38 IST,24166.5,24150,22.82,21.3,94.3,IV NORMAL — No edge from volatility alone
2026-05-04 10:31:05 IST,24153.35,24150,23.42,22.9,96.4,IV NORMAL — No edge from volatility alone
2026-05-04 10:35:33 IST,24205.05,24200,21.99,19.1,91.4,"IV LOW — Options cheap, big move expected"
2026-05-04 10:40:40 IST,24176.2,24200,21.98,19.1,91.1,"IV LOW — Options cheap, big move expected"
2026-05-04 10:45:51 IST,24209.9,24200,21.79,18.6,89.4,"IV LOW — Options cheap, big move expected"
2026-05-04 10:50:44 IST,24218.95,24200,21.79,18.6,89.1,"IV LOW — Options cheap, big move expected"
2026-05-04 10:55:43 IST,24232.65,24250,21.21,17.1,85.6,"IV LOW — Options cheap, big move expected"
2026-05-04 11:00:50 IST,24215.75,24200,21.83,18.7,89.8,"IV LOW — Options cheap, big move expected"
2026-05-04 11:05:34 IST,24191.7,24200,22.02,19.2,91.5,"IV LOW — Options cheap, big move expected"
2026-05-04 11:10:42 IST,24205.4,24200,21.9,18.9,90.4,"IV LOW — Options cheap, big move expected"
2026-05-04 11:15:41 IST,24212.2,24200,21.72,18.4,87.8,"IV LOW — Options cheap, big move expected"
2026-05-04 11:20:51 IST,24225.9,24250,21.15,17.0,83.5,"IV LOW — Options cheap, big move expected"
2026-05-04 11:25:35 IST,24231.85,24250,20.99,16.5,82.4,"IV LOW — Options cheap, big move expected"
2026-05-04 11:31:06 IST,24233.6,24250,21.03,16.6,82.8,"IV LOW — Options cheap, big move expected"
2026-05-04 11:35:38 IST,24231.8,24250,20.97,16.5,81.9,"IV LOW — Options cheap, big move expected"
2026-05-04 11:40:45 IST,24230.4,24250,20.94,16.4,81.7,"IV LOW — Options cheap, big move expected"
2026-05-04 11:45:54 IST,24239.5,24250,20.92,16.4,81.5,"IV LOW — Options cheap, big move expected"
2026-05-04 11:50:41 IST,24239.5,24250,20.95,16.4,81.8,"IV LOW — Options cheap, big move expected"
2026-05-04 11:55:42 IST,24243.0,24250,20.62,15.6,79.9,"IV LOW — Options cheap, big move expected"
2026-05-04 12:01:03 IST,24222.75,24200,21.2,17.1,84.7,"IV LOW — Options cheap, big move expected"
2026-05-04 12:05:44 IST,24223.95,24200,21.24,17.2,85.1,"IV LOW — Options cheap, big move expected"
2026-05-04 12:10:45 IST,24211.55,24200,21.25,17.2,85.4,"IV LOW — Options cheap, big move expected"
2026-05-04 12:15:56 IST,24201.75,24200,21.38,17.6,86.8,"IV LOW — Options cheap, big move expected"
2026-05-04 12:20:48 IST,24118.5,24100,23.32,22.6,96.1,IV NORMAL — No edge from volatility alone
2026-05-04 12:25:47 IST,24137.9,24150,22.48,20.4,93.0,IV NORMAL — No edge from volatility alone
2026-05-04 12:31:15 IST,24131.25,24150,22.45,20.3,92.5,IV NORMAL — No edge from volatility alone
2026-05-04 12:36:02 IST,24122.65,24100,23.07,21.9,95.0,IV NORMAL — No edge from volatility alone
2026-05-04 12:40:46 IST,24107.7,24100,23.23,22.4,95.6,IV NORMAL — No edge from volatility alone
2026-05-04 12:45:48 IST,24125.55,24150,22.78,21.2,93.1,IV NORMAL — No edge from volatility alone
2026-05-04 12:50:44 IST,24108.3,24100,23.08,22.0,94.8,IV NORMAL — No edge from volatility alone
2026-05-04 12:55:44 IST,24100.5,24100,22.56,20.6,92.1,IV NORMAL — No edge from volatility alone
2026-05-04 13:01:03 IST,24113.4,24100,22.89,21.5,93.7,IV NORMAL — No edge from volatility alone
2026-05-04 13:05:45 IST,24113.4,24100,22.92,21.6,93.7,IV NORMAL — No edge from volatility alone
2026-05-04 13:10:50 IST,24101.4,24100,23.05,21.9,94.3,IV NORMAL — No edge from volatility alone
2026-05-04 13:15:46 IST,24110.05,24100,22.89,21.5,93.0,IV NORMAL — No edge from volatility alone
2026-05-04 13:20:43 IST,24109.95,24100,22.85,21.4,92.7,IV NORMAL — No edge from volatility alone
2026-05-04 13:25:34 IST,24101.2,24100,22.78,21.2,91.4,IV NORMAL — No edge from volatility alone
2026-05-04 13:31:08 IST,24071.7,24050,22.63,20.8,90.9,IV NORMAL — No edge from volatility alone
2026-05-04 13:40:53 IST,24021.95,24000,23.19,22.3,95.4,IV NORMAL — No edge from volatility alone
2026-05-04 13:45:48 IST,24044.8,24050,23.19,22.3,95.2,IV NORMAL — No edge from volatility alone
2026-05-04 13:50:43 IST,24083.65,24100,22.56,20.6,89.6,IV NORMAL — No edge from volatility alone
2026-05-04 13:55:38 IST,24095.65,24100,22.54,20.6,89.4,IV NORMAL — No edge from volatility alone
2026-05-04 14:01:04 IST,24089.0,24100,22.52,20.5,89.1,IV NORMAL — No edge from volatility alone
2026-05-04 14:05:37 IST,24069.95,24050,22.87,21.4,92.3,IV NORMAL — No edge from volatility alone
2026-05-04 14:10:51 IST,24065.85,24050,22.84,21.4,91.6,IV NORMAL — No edge from volatility alone
2026-05-04 14:15:52 IST,24066.3,24050,23.1,22.0,94.7,IV NORMAL — No edge from volatility alone
2026-05-04 14:20:47 IST,24108.45,24100,22.72,21.0,90.0,IV NORMAL — No edge from volatility alone
2026-05-04 14:25:42 IST,24140.85,24150,21.81,18.7,83.5,"IV LOW — Options cheap, big move expected"
2026-05-04 14:31:19 IST,24134.35,24150,22.21,19.7,86.7,"IV LOW — Options cheap, big move expected"
2026-05-04 14:35:38 IST,24127.3,24150,22.18,19.6,86.5,"IV LOW — Options cheap, big move expected"
2026-05-04 14:40:52 IST,24113.75,24100,22.49,20.4,88.1,IV NORMAL — No edge from volatility alone
2026-05-04 14:45:45 IST,24105.6,24100,22.45,20.3,87.0,IV NORMAL — No edge from volatility alone
2026-05-04 14:50:47 IST,24090.6,24100,22.81,21.3,91.0,IV NORMAL — No edge from volatility alone
2026-05-04 14:55:38 IST,24078.6,24100,22.7,21.0,89.7,IV NORMAL — No edge from volatility alone
2026-05-04 15:00:55 IST,24103.3,24100,22.64,20.8,89.2,IV NORMAL — No edge from volatility alone
2026-05-04 15:05:46 IST,24082.55,24100,22.9,21.5,92.8,IV NORMAL — No edge from volatility alone
2026-05-04 15:10:48 IST,24103.2,24100,22.8,21.2,90.3,IV NORMAL — No edge from volatility alone
2026-05-04 15:15:53 IST,24115.25,24100,22.21,19.7,84.9,"IV LOW — Options cheap, big move expected"
2026-05-04 15:20:52 IST,24131.3,24150,22.04,19.3,84.2,"IV LOW — Options cheap, big move expected"
2026-05-04 15:25:43 IST,24131.3,24150,22.07,19.4,84.3,"IV LOW — Options cheap, big move expected"
2026-05-04 15:31:07 IST,24115.3,24100,21.7,18.4,79.7,"IV LOW — Options cheap, big move expected"
2026-05-04 15:35:44 IST,24115.3,24100,21.73,18.5,80.1,"IV LOW — Options cheap, big move expected"
2026-05-04 15:40:53 IST,24115.3,24100,21.77,18.6,80.4,"IV LOW — Options cheap, big move expected"
2026-05-04 15:45:50 IST,24115.3,24100,21.81,18.7,80.9,"IV LOW — Options cheap, big move expected"
2026-05-04 15:50:45 IST,24115.3,24100,21.85,18.8,82.0,"IV LOW — Options cheap, big move expected"
2026-05-04 15:55:39 IST,24115.3,24100,21.89,18.9,82.0,"IV LOW — Options cheap, big move expected"
2026-05-04 16:01:05 IST,24115.3,24100,21.93,19.0,83.0,"IV LOW — Options cheap, big move expected"
2026-05-04 16:05:47 IST,24115.3,24100,21.97,19.1,83.1,"IV LOW — Options cheap, big move expected"
2026-05-04 16:10:45 IST,24115.3,24100,22.01,19.2,83.6,"IV LOW — Options cheap, big move expected"
2026-05-04 16:15:41 IST,24115.3,24100,22.04,19.3,84.2,"IV LOW — Options cheap, big move expected"
2026-05-04 16:20:52 IST,24115.3,24100,22.09,19.4,84.7,"IV LOW — Options cheap, big move expected"
2026-05-04 16:25:45 IST,24115.3,24100,22.12,19.5,85.0,"IV LOW — Options cheap, big move expected"
2026-05-05 09:00:54 IST,24115.3,24100,41.76,70.5,99.8,IV ELEVATED — Slight premium in options
2026-05-05 09:05:38 IST,24072.55,24050,41.49,69.8,99.5,IV ELEVATED — Slight premium in options
2026-05-05 09:10:48 IST,24054.4,24050,41.96,71.0,99.8,IV ELEVATED — Slight premium in options
2026-05-05 09:15:46 IST,24052.6,24050,42.25,71.8,99.8,IV ELEVATED — Slight premium in options
2026-05-05 09:20:43 IST,23990.35,24000,27.04,32.3,97.3,IV NORMAL — No edge from volatility alone
2026-05-05 09:25:39 IST,24063.95,24050,28.63,36.4,97.8,IV NORMAL — No edge from volatility alone
2026-05-05 09:31:18 IST,24047.95,24050,26.96,32.1,96.9,IV NORMAL — No edge from volatility alone
2026-05-05 09:35:38 IST,24018.65,24000,25.74,28.9,96.6,IV NORMAL — No edge from volatility alone
2026-05-05 09:40:45 IST,24037.15,24050,26.7,31.4,96.6,IV NORMAL — No edge from volatility alone
2026-05-05 09:45:54 IST,24030.15,24050,26.83,31.7,96.6,IV NORMAL — No edge from volatility alone
2026-05-05 09:55:36 IST,24035.25,24050,24.63,26.0,95.9,IV NORMAL — No edge from volatility alone
2026-05-05 10:00:56 IST,24048.7,24050,24.98,26.9,95.9,IV NORMAL — No edge from volatility alone
2026-05-05 10:05:38 IST,24045.9,24050,24.19,24.9,95.2,IV NORMAL — No edge from volatility alone
2026-05-05 10:10:40 IST,24011.45,24000,23.35,22.7,93.6,IV NORMAL — No edge from volatility alone
2026-05-05 10:15:42 IST,23999.55,24000,23.12,22.1,91.9,IV NORMAL — No edge from volatility alone
2026-05-05 10:20:42 IST,23985.35,24000,23.8,23.8,94.8,IV NORMAL — No edge from volatility alone
2026-05-05 10:25:36 IST,23992.7,24000,23.16,22.2,92.0,IV NORMAL — No edge from volatility alone
2026-05-05 10:31:09 IST,23982.45,24000,23.08,22.0,90.6,IV NORMAL — No edge from volatility alone
2026-05-05 10:35:45 IST,23950.1,23950,23.44,22.9,94.1,IV NORMAL — No edge from volatility alone
2026-05-05 10:40:44 IST,23943.45,23950,23.36,22.7,93.4,IV NORMAL — No edge from volatility alone
2026-05-05 10:45:51 IST,23939.05,23950,23.17,22.2,91.6,IV NORMAL — No edge from volatility alone
2026-05-05 10:50:51 IST,23937.2,23950,23.25,22.4,92.5,IV NORMAL — No edge from volatility alone
2026-05-05 10:55:47 IST,23944.85,23950,22.89,21.5,87.6,IV NORMAL — No edge from volatility alone
2026-05-05 11:00:54 IST,23928.95,23950,23.08,22.0,89.5,IV NORMAL — No edge from volatility alone
2026-05-05 11:05:47 IST,23917.1,23900,22.83,21.3,86.3,IV NORMAL — No edge from volatility alone
2026-05-05 11:10:50 IST,23951.45,23950,22.65,20.9,84.3,IV NORMAL — No edge from volatility alone
2026-05-05 11:15:52 IST,23933.9,23950,22.73,21.1,84.8,IV NORMAL — No edge from volatility alone
2026-05-05 11:20:52 IST,23933.9,23950,22.95,21.6,88.7,IV NORMAL — No edge from volatility alone
2026-05-05 11:25:39 IST,23934.45,23950,22.62,20.8,83.0,IV NORMAL — No edge from volatility alone
2026-05-05 11:31:19 IST,23934.4,23950,22.93,21.6,88.3,IV NORMAL — No edge from volatility alone
2026-05-05 11:35:39 IST,23939.15,23950,22.62,20.8,82.6,IV NORMAL — No edge from volatility alone
2026-05-05 11:40:44 IST,23956.4,23950,23.37,22.7,93.6,IV NORMAL — No edge from volatility alone
2026-05-05 11:45:49 IST,23936.9,23950,22.44,20.3,80.0,IV NORMAL — No edge from volatility alone
2026-05-05 11:50:44 IST,23936.9,23950,22.69,21.0,83.6,IV NORMAL — No edge from volatility alone
2026-05-05 11:55:34 IST,23903.7,23900,22.76,21.1,84.4,IV NORMAL — No edge from volatility alone
2026-05-05 12:01:07 IST,23894.0,23900,22.77,21.2,84.4,IV NORMAL — No edge from volatility alone
2026-05-05 12:05:47 IST,23895.6,23900,23.53,23.1,94.4,IV NORMAL — No edge from volatility alone
2026-05-05 12:15:44 IST,23925.05,23950,23.63,23.4,94.4,IV NORMAL — No edge from volatility alone
2026-05-05 12:20:49 IST,23949.6,23950,24.33,25.2,95.7,IV NORMAL — No edge from volatility alone
2026-05-05 12:25:48 IST,23960.0,23950,23.85,24.0,94.8,IV NORMAL — No edge from volatility alone
2026-05-05 12:31:06 IST,23967.65,23950,24.68,26.1,96.0,IV NORMAL — No edge from volatility alone
2026-05-05 12:35:40 IST,23945.05,23950,23.49,23.0,93.3,IV NORMAL — No edge from volatility alone
2026-05-05 12:40:41 IST,23954.15,23950,23.94,24.2,94.9,IV NORMAL — No edge from volatility alone
2026-05-05 12:45:51 IST,23963.2,23950,24.0,24.4,94.9,IV NORMAL — No edge from volatility alone
2026-05-05 12:50:49 IST,23955.1,23950,23.9,24.1,94.2,IV NORMAL — No edge from volatility alone
2026-05-05 12:55:47 IST,23983.5,24000,23.93,24.2,94.2,IV NORMAL — No edge from volatility alone
2026-05-05 13:00:58 IST,23982.05,24000,23.76,23.7,93.4,IV NORMAL — No edge from volatility alone
2026-05-05 13:05:47 IST,24023.0,24000,24.39,25.4,95.6,IV NORMAL — No edge from volatility alone
2026-05-05 13:10:53 IST,24020.4,24000,25.01,27.0,96.3,IV NORMAL — No edge from volatility alone
2026-05-05 13:20:46 IST,24070.0,24050,26.74,31.5,96.7,IV NORMAL — No edge from volatility alone
2026-05-05 13:25:36 IST,24039.95,24050,25.85,29.2,96.3,IV NORMAL — No edge from volatility alone
2026-05-05 13:35:39 IST,24031.5,24050,24.94,26.8,95.4,IV NORMAL — No edge from volatility alone
2026-05-05 13:40:49 IST,24029.2,24050,24.26,25.0,94.1,IV NORMAL — No edge from volatility alone
2026-05-05 13:45:57 IST,24033.45,24050,24.87,26.6,95.2,IV NORMAL — No edge from volatility alone
2026-05-05 13:50:44 IST,24058.15,24050,25.14,27.3,95.9,IV NORMAL — No edge from volatility alone
2026-05-05 13:55:40 IST,24046.75,24050,25.04,27.1,95.7,IV NORMAL — No edge from volatility alone
2026-05-05 14:01:06 IST,24029.25,24050,24.82,26.5,94.6,IV NORMAL — No edge from volatility alone
2026-05-05 14:05:38 IST,24045.25,24050,26.22,30.1,96.3,IV NORMAL — No edge from volatility alone
2026-05-05 14:10:51 IST,24028.45,24050,24.07,24.5,92.7,IV NORMAL — No edge from volatility alone
2026-05-05 14:15:53 IST,24016.4,24000,23.68,23.5,90.6,IV NORMAL — No edge from volatility alone
2026-05-05 14:20:53 IST,24016.4,24000,24.53,25.7,93.8,IV NORMAL — No edge from volatility alone
2026-05-05 14:25:46 IST,24040.15,24050,23.34,22.6,87.8,IV NORMAL — No edge from volatility alone
2026-05-05 14:31:16 IST,24034.5,24050,22.5,20.5,76.1,IV NORMAL — No edge from volatility alone
2026-05-05 14:35:44 IST,24057.65,24050,24.63,26.0,93.8,IV NORMAL — No edge from volatility alone
2026-05-05 14:40:46 IST,24039.05,24050,23.22,22.3,86.6,IV NORMAL — No edge from volatility alone
2026-05-05 14:45:52 IST,24035.95,24050,21.02,16.6,62.1,"IV LOW — Options cheap, big move expected"
2026-05-05 14:50:45 IST,24044.9,24050,21.0,16.6,61.7,"IV LOW — Options cheap, big move expected"
2026-05-05 14:55:47 IST,24024.95,24000,19.95,13.8,57.4,"IV LOW — Options cheap, big move expected"
2026-05-05 15:01:06 IST,24016.0,24000,19.1,11.6,55.8,"IV LOW — Options cheap, big move expected"
2026-05-05 15:05:37 IST,24014.35,24000,19.41,12.4,56.3,"IV LOW — Options cheap, big move expected"
2026-05-05 15:10:42 IST,24008.1,24000,16.3,4.4,24.3,"IV LOW — Options cheap, big move expected"
2026-05-05 15:15:52 IST,24034.35,24050,21.89,18.9,69.9,"IV LOW — Options cheap, big move expected"
2026-05-05 15:20:50 IST,24050.9,24050,51.07,94.7,99.8,"IV HIGH — Options expensive, mean-reversion likely"
2026-05-05 15:25:42 IST,24050.9,24050,74.55,155.7,100.0,"IV HIGH — Options expensive, mean-reversion likely"
2026-05-06 09:00:55 IST,24043.45,24050,16.61,3.3,29.1,"IV LOW — Options cheap, big move expected"
2026-05-06 09:05:38 IST,24099.4,24100,16.23,2.7,22.4,"IV LOW — Options cheap, big move expected"
2026-05-06 09:10:43 IST,24094.1,24100,16.24,2.7,23.0,"IV LOW — Options cheap, big move expected"
2026-05-06 09:15:42 IST,24171.0,24150,16.23,2.7,22.3,"IV LOW — Options cheap, big move expected"
2026-05-06 09:20:43 IST,24171.0,24150,16.24,2.7,23.1,"IV LOW — Options cheap, big move expected"
2026-05-06 09:25:47 IST,24180.3,24200,15.19,1.0,4.3,"IV LOW — Options cheap, big move expected"
2026-05-06 09:31:07 IST,24191.9,24200,15.17,0.9,3.5,"IV LOW — Options cheap, big move expected"
2026-05-06 09:35:38 IST,24181.05,24200,15.44,1.4,14.1,"IV LOW — Options cheap, big move expected"
2026-05-06 09:40:42 IST,24162.7,24150,15.72,1.8,17.0,"IV LOW — Options cheap, big move expected"
2026-05-06 09:45:49 IST,24150.2,24150,15.89,2.1,18.0,"IV LOW — Options cheap, big move expected"
2026-05-06 09:50:40 IST,24139.9,24150,15.8,2.0,17.3,"IV LOW — Options cheap, big move expected"
2026-05-06 09:55:36 IST,24124.9,24100,16.15,2.6,21.5,"IV LOW — Options cheap, big move expected"
2026-05-06 10:00:53 IST,24148.65,24150,15.79,2.0,17.2,"IV LOW — Options cheap, big move expected"
2026-05-06 10:05:46 IST,24127.75,24150,15.74,1.9,17.2,"IV LOW — Options cheap, big move expected"
2026-05-06 10:10:50 IST,24112.25,24100,15.93,2.2,18.8,"IV LOW — Options cheap, big move expected"
2026-05-06 10:15:49 IST,24104.4,24100,15.97,2.3,19.8,"IV LOW — Options cheap, big move expected"
2026-05-06 10:20:50 IST,24134.5,24150,15.43,1.4,13.9,"IV LOW — Options cheap, big move expected"
2026-05-06 10:25:35 IST,24137.45,24150,15.49,1.5,14.5,"IV LOW — Options cheap, big move expected"
2026-05-06 10:31:12 IST,24142.7,24150,15.53,1.5,15.8,"IV LOW — Options cheap, big move expected"
2026-05-06 10:35:46 IST,24129.15,24150,15.62,1.7,16.4,"IV LOW — Options cheap, big move expected"
2026-05-06 10:40:46 IST,24125.1,24150,15.53,1.5,15.8,"IV LOW — Options cheap, big move expected"
2026-05-06 10:45:53 IST,24128.6,24150,15.54,1.5,16.1,"IV LOW — Options cheap, big move expected"
2026-05-06 10:50:41 IST,24134.85,24150,15.43,1.4,13.7,"IV LOW — Options cheap, big move expected"
2026-05-06 10:55:35 IST,24124.85,24100,15.58,1.6,16.7,"IV LOW — Options cheap, big move expected"
2026-05-06 11:05:38 IST,24094.15,24100,15.83,2.0,19.2,"IV LOW — Options cheap, big move expected"
2026-05-06 11:10:39 IST,24077.0,24100,15.96,2.2,20.9,"IV LOW — Options cheap, big move expected"
2026-05-06 11:15:42 IST,24094.4,24100,15.71,1.8,17.9,"IV LOW — Options cheap, big move expected"
2026-05-06 11:20:43 IST,24088.55,24100,15.72,1.8,18.1,"IV LOW — Options cheap, big move expected"
2026-05-06 11:25:35 IST,24092.75,24100,15.77,1.9,18.9,"IV LOW — Options cheap, big move expected"
2026-05-06 11:31:20 IST,24090.6,24100,15.71,1.8,17.8,"IV LOW — Options cheap, big move expected"
2026-05-06 11:35:45 IST,24115.55,24100,15.56,1.6,16.2,"IV LOW — Options cheap, big move expected"
2026-05-06 11:45:51 IST,24080.85,24100,15.69,1.8,17.8,"IV LOW — Options cheap, big move expected"
2026-05-06 11:50:54 IST,24093.1,24100,15.55,1.6,16.2,"IV LOW — Options cheap, big move expected"
2026-05-06 11:55:35 IST,24107.95,24100,15.54,1.5,16.0,"IV LOW — Options cheap, big move expected"
2026-05-06 12:00:56 IST,24108.65,24100,15.51,1.5,15.3,"IV LOW — Options cheap, big move expected"
2026-05-06 12:05:46 IST,24094.35,24100,15.51,1.5,15.3,"IV LOW — Options cheap, big move expected"
2026-05-06 12:10:51 IST,24081.95,24100,15.53,1.5,15.9,"IV LOW — Options cheap, big move expected"
2026-05-06 12:15:43 IST,24083.25,24100,15.62,1.7,17.8,"IV LOW — Options cheap, big move expected"
2026-05-06 12:20:43 IST,24072.45,24050,15.84,2.0,21.4,"IV LOW — Options cheap, big move expected"
2026-05-06 12:25:44 IST,24076.05,24100,15.62,1.7,17.7,"IV LOW — Options cheap, big move expected"
2026-05-06 12:31:12 IST,24044.2,24050,16.54,3.2,34.0,"IV LOW — Options cheap, big move expected"
2026-05-06 12:35:49 IST,24045.85,24050,16.53,3.2,33.9,"IV LOW — Options cheap, big move expected"
2026-05-06 12:40:53 IST,24049.4,24050,16.42,3.0,32.1,"IV LOW — Options cheap, big move expected"
2026-05-06 12:55:46 IST,24017.0,24000,16.78,3.6,35.5,"IV LOW — Options cheap, big move expected"
2026-05-06 13:00:54 IST,24010.55,24000,16.99,4.0,37.5,"IV LOW — Options cheap, big move expected"
2026-05-06 13:05:49 IST,24014.1,24000,16.86,3.7,35.9,"IV LOW — Options cheap, big move expected"
2026-05-06 13:10:51 IST,24001.2,24000,17.07,4.1,38.3,"IV LOW — Options cheap, big move expected"
2026-05-06 13:15:55 IST,24039.05,24050,16.74,3.5,35.0,"IV LOW — Options cheap, big move expected"
2026-05-06 13:20:45 IST,24042.05,24050,16.63,3.4,34.8,"IV LOW — Options cheap, big move expected"
2026-05-06 13:31:11 IST,24077.45,24100,16.2,2.6,26.8,"IV LOW — Options cheap, big move expected"
2026-05-06 13:35:41 IST,24077.45,24100,16.2,2.6,26.7,"IV LOW — Options cheap, big move expected"
2026-05-06 13:40:44 IST,24087.4,24100,16.08,2.4,24.1,"IV LOW — Options cheap, big move expected"
2026-05-06 13:45:53 IST,24105.8,24100,16.01,2.3,23.3,"IV LOW — Options cheap, big move expected"
2026-05-06 13:50:42 IST,24096.15,24100,16.02,2.3,23.6,"IV LOW — Options cheap, big move expected"
2026-05-06 13:55:38 IST,24101.85,24100,16.03,2.4,23.7,"IV LOW — Options cheap, big move expected"
2026-05-06 14:01:00 IST,24113.1,24100,15.94,2.2,22.0,"IV LOW — Options cheap, big move expected"
2026-05-06 14:05:39 IST,24100.45,24100,15.89,2.1,21.2,"IV LOW — Options cheap, big move expected"
2026-05-06 14:10:53 IST,24113.45,24100,15.78,1.9,19.9,"IV LOW — Options cheap, big move expected"
2026-05-06 14:15:43 IST,24111.7,24100,15.85,2.1,21.2,"IV LOW — Options cheap, big move expected"
2026-05-06 14:20:54 IST,24111.7,24100,15.85,2.1,21.1,"IV LOW — Options cheap, big move expected"
2026-05-06 14:25:37 IST,24178.0,24200,15.0,0.6,0.9,"IV LOW — Options cheap, big move expected"
2026-05-06 14:31:15 IST,24178.0,24200,15.0,0.6,0.9,"IV LOW — Options cheap, big move expected"
2026-05-06 14:35:41 IST,24178.0,24200,15.01,0.7,1.3,"IV LOW — Options cheap, big move expected"
2026-05-06 14:40:54 IST,24298.0,24300,15.89,2.1,22.1,"IV LOW — Options cheap, big move expected"
2026-05-06 14:45:48 IST,24314.15,24300,16.09,2.5,25.9,"IV LOW — Options cheap, big move expected"
2026-05-06 14:50:52 IST,24333.15,24350,16.01,2.3,24.4,"IV LOW — Options cheap, big move expected"
2026-05-06 14:55:50 IST,24348.85,24350,16.0,2.3,24.3,"IV LOW — Options cheap, big move expected"
2026-05-06 15:05:43 IST,24322.6,24300,16.2,2.6,28.8,"IV LOW — Options cheap, big move expected"
2026-05-06 15:10:54 IST,24338.25,24350,15.87,2.1,21.7,"IV LOW — Options cheap, big move expected"
2026-05-06 15:15:47 IST,24315.2,24300,15.92,2.2,22.7,"IV LOW — Options cheap, big move expected"
2026-05-06 15:20:46 IST,24318.95,24300,15.9,2.1,22.5,"IV LOW — Options cheap, big move expected"
2026-05-06 15:25:50 IST,24331.2,24350,15.7,1.8,18.5,"IV LOW — Options cheap, big move expected"
2026-05-06 15:31:21 IST,24331.15,24350,15.58,1.6,16.8,"IV LOW — Options cheap, big move expected"
2026-05-06 15:35:48 IST,24331.15,24350,15.58,1.6,16.8,"IV LOW — Options cheap, big move expected"
2026-05-06 15:40:48 IST,24331.15,24350,15.59,1.6,17.3,"IV LOW — Options cheap, big move expected"
2026-05-06 15:45:57 IST,24331.15,24350,15.59,1.6,17.3,"IV LOW — Options cheap, big move expected"
2026-05-06 15:50:47 IST,24331.15,24350,15.6,1.6,17.6,"IV LOW — Options cheap, big move expected"
2026-05-06 15:55:48 IST,24331.15,24350,15.6,1.6,17.6,"IV LOW — Options cheap, big move expected"
2026-05-06 16:01:07 IST,24331.15,24350,15.61,1.7,17.9,"IV LOW — Options cheap, big move expected"
2026-05-06 16:05:37 IST,24331.15,24350,15.61,1.7,17.9,"IV LOW — Options cheap, big move expected"
2026-05-06 16:10:52 IST,24331.15,24350,15.62,1.7,18.4,"IV LOW — Options cheap, big move expected"
2026-05-06 16:15:55 IST,24331.15,24350,15.62,1.7,18.3,"IV LOW — Options cheap, big move expected"
2026-05-06 16:20:50 IST,24331.15,24350,15.63,1.7,19.2,"IV LOW — Options cheap, big move expected"
2026-05-06 16:25:38 IST,24331.15,24350,15.63,1.7,19.1,"IV LOW — Options cheap, big move expected"
2026-05-07 09:01:02 IST,24331.15,24350,16.62,3.3,38.6,"IV LOW — Options cheap, big move expected"
2026-05-07 09:05:34 IST,24368.15,24350,16.54,3.2,37.8,"IV LOW — Options cheap, big move expected"
2026-05-07 09:10:44 IST,24389.2,24400,16.34,2.9,34.4,"IV LOW — Options cheap, big move expected"
2026-05-07 09:15:53 IST,24398.5,24400,16.33,2.9,34.2,"IV LOW — Options cheap, big move expected"
2026-05-07 09:20:44 IST,24398.5,24400,16.34,2.9,34.4,"IV LOW — Options cheap, big move expected"
2026-05-07 09:25:42 IST,24316.9,24300,15.48,1.4,13.2,"IV LOW — Options cheap, big move expected"
2026-05-07 09:31:05 IST,24334.2,24350,15.56,1.6,16.1,"IV LOW — Options cheap, big move expected"
2026-05-07 09:35:38 IST,24336.6,24350,15.76,1.9,21.7,"IV LOW — Options cheap, big move expected"
2026-05-07 09:40:53 IST,24357.5,24350,15.59,1.6,17.1,"IV LOW — Options cheap, big move expected"
2026-05-07 09:45:44 IST,24357.5,24350,15.6,1.6,17.6,"IV LOW — Options cheap, big move expected"
2026-05-07 09:50:50 IST,24399.1,24400,15.46,1.4,13.0,"IV LOW — Options cheap, big move expected"
2026-05-07 09:55:38 IST,24345.8,24350,15.33,1.2,10.8,"IV LOW — Options cheap, big move expected"
2026-05-07 10:01:01 IST,24333.95,24350,15.67,1.8,20.6,"IV LOW — Options cheap, big move expected"
2026-05-07 10:05:49 IST,24342.45,24350,15.47,1.4,13.3,"IV LOW — Options cheap, big move expected"
2026-05-07 10:10:45 IST,24342.45,24350,15.48,1.4,13.5,"IV LOW — Options cheap, big move expected"
2026-05-07 10:15:43 IST,24326.55,24350,15.48,1.4,13.4,"IV LOW — Options cheap, big move expected"
2026-05-07 10:20:44 IST,24323.7,24300,15.61,1.7,18.8,"IV LOW — Options cheap, big move expected"
2026-05-07 10:25:48 IST,24349.35,24350,15.37,1.3,11.7,"IV LOW — Options cheap, big move expected"
2026-05-07 10:31:07 IST,24349.45,24350,15.3,1.1,8.9,"IV LOW — Options cheap, big move expected"
2026-05-07 10:35:42 IST,24364.9,24350,15.37,1.3,11.8,"IV LOW — Options cheap, big move expected"
2026-05-07 10:45:54 IST,24365.25,24350,15.38,1.3,12.5,"IV LOW — Options cheap, big move expected"
2026-05-07 10:50:41 IST,24375.7,24400,15.39,1.3,12.8,"IV LOW — Options cheap, big move expected"
2026-05-07 11:05:37 IST,24338.7,24350,15.4,1.3,13.1,"IV LOW — Options cheap, big move expected"
2026-05-07 11:10:51 IST,24331.85,24350,15.42,1.3,13.4,"IV LOW — Options cheap, big move expected"
2026-05-07 11:15:51 IST,24318.4,24300,15.68,1.8,22.2,"IV LOW — Options cheap, big move expected"
2026-05-07 11:20:49 IST,24321.7,24300,15.61,1.7,19.7,"IV LOW — Options cheap, big move expected"
2026-05-07 11:25:48 IST,24310.8,24300,15.83,2.0,25.0,"IV LOW — Options cheap, big move expected"
2026-05-07 11:31:16 IST,24309.95,24300,15.88,2.1,26.2,"IV LOW — Options cheap, big move expected"
2026-05-07 11:35:47 IST,24309.95,24300,15.88,2.1,26.1,"IV LOW — Options cheap, big move expected"
2026-05-07 11:40:57 IST,24320.5,24300,15.67,1.8,22.1,"IV LOW — Options cheap, big move expected"
2026-05-07 11:45:52 IST,24312.25,24300,15.61,1.7,19.5,"IV LOW — Options cheap, big move expected"
2026-05-07 11:50:46 IST,24285.35,24300,15.97,2.3,29.0,"IV LOW — Options cheap, big move expected"
2026-05-07 11:55:38 IST,24303.9,24300,15.8,2.0,24.8,"IV LOW — Options cheap, big move expected"
2026-05-07 12:01:08 IST,24325.3,24350,15.57,1.6,17.9,"IV LOW — Options cheap, big move expected"
2026-05-07 12:05:40 IST,24347.95,24350,15.51,1.5,15.9,"IV LOW — Options cheap, big move expected"
2026-05-07 12:10:46 IST,24356.55,24350,15.42,1.3,13.2,"IV LOW — Options cheap, big move expected"
2026-05-07 12:15:52 IST,24360.65,24350,15.27,1.1,6.8,"IV LOW — Options cheap, big move expected"
2026-05-07 12:20:52 IST,24371.35,24350,15.44,1.4,14.0,"IV LOW — Options cheap, big move expected"
2026-05-07 12:25:39 IST,24372.55,24350,15.32,1.2,10.1,"IV LOW — Options cheap, big move expected"
2026-05-07 12:31:10 IST,24377.1,24400,15.33,1.2,10.8,"IV LOW — Options cheap, big move expected"
2026-05-07 12:35:49 IST,24356.3,24350,15.48,1.4,14.9,"IV LOW — Options cheap, big move expected"
2026-05-07 12:40:55 IST,24345.65,24350,15.53,1.5,17.3,"IV LOW — Options cheap, big move expected"
2026-05-07 12:50:55 IST,24461.45,24450,15.85,2.1,27.0,"IV LOW — Options cheap, big move expected"
2026-05-07 12:55:36 IST,24443.7,24450,15.4,1.3,13.2,"IV LOW — Options cheap, big move expected"
2026-05-07 13:01:05 IST,24410.05,24400,15.66,1.7,23.3,"IV LOW — Options cheap, big move expected"
2026-05-07 13:05:36 IST,24404.2,24400,15.66,1.7,23.3,"IV LOW — Options cheap, big move expected"
2026-05-07 13:10:43 IST,24409.65,24400,15.79,2.0,26.0,"IV LOW — Options cheap, big move expected"
2026-05-07 13:15:55 IST,24387.45,24400,15.81,2.0,26.6,"IV LOW — Options cheap, big move expected"
2026-05-07 13:20:45 IST,24385.4,24400,15.71,1.8,24.5,"IV LOW — Options cheap, big move expected"
2026-05-07 13:25:47 IST,24366.9,24350,15.76,1.9,25.6,"IV LOW — Options cheap, big move expected"
2026-05-07 13:31:10 IST,24353.6,24350,15.69,1.8,23.9,"IV LOW — Options cheap, big move expected"
2026-05-07 13:35:47 IST,24353.8,24350,15.62,1.7,21.4,"IV LOW — Options cheap, big move expected"
2026-05-07 13:40:52 IST,24352.4,24350,15.64,1.7,22.9,"IV LOW — Options cheap, big move expected"
2026-05-07 13:45:55 IST,24339.55,24350,15.8,2.0,26.9,"IV LOW — Options cheap, big move expected"
2026-05-07 13:50:41 IST,24344.9,24350,15.62,1.7,21.3,"IV LOW — Options cheap, big move expected"
2026-05-07 13:55:42 IST,24354.1,24350,15.64,1.7,22.9,"IV LOW — Options cheap, big move expected"
2026-05-07 14:00:58 IST,24367.6,24350,15.61,1.7,20.3,"IV LOW — Options cheap, big move expected"
2026-05-07 14:05:46 IST,24367.05,24350,15.56,1.6,18.2,"IV LOW — Options cheap, big move expected"
2026-05-07 14:10:51 IST,24344.6,24350,15.57,1.6,18.8,"IV LOW — Options cheap, big move expected"
2026-05-07 14:15:51 IST,24344.6,24350,15.57,1.6,18.8,"IV LOW — Options cheap, big move expected"
2026-05-07 14:20:53 IST,24361.9,24350,15.39,1.3,12.5,"IV LOW — Options cheap, big move expected"
2026-05-07 14:25:46 IST,24337.25,24350,15.58,1.6,19.3,"IV LOW — Options cheap, big move expected"
2026-05-07 14:31:11 IST,24365.85,24350,15.34,1.2,10.8,"IV LOW — Options cheap, big move expected"
2026-05-07 14:35:49 IST,24374.85,24350,15.34,1.2,10.8,"IV LOW — Options cheap, big move expected"
2026-05-07 14:40:45 IST,24374.85,24350,15.34,1.2,10.8,"IV LOW — Options cheap, big move expected"
2026-05-07 14:45:53 IST,24349.45,24350,15.42,1.3,13.8,"IV LOW — Options cheap, big move expected"
2026-05-07 14:50:58 IST,24349.45,24350,15.42,1.3,13.8,"IV LOW — Options cheap, big move expected"
2026-05-07 14:55:43 IST,24328.6,24350,15.28,1.1,7.0,"IV LOW — Options cheap, big move expected"
2026-05-07 15:01:08 IST,24353.4,24350,15.23,1.0,5.5,"IV LOW — Options cheap, big move expected"
2026-05-07 15:05:47 IST,24339.9,24350,15.07,0.8,1.6,"IV LOW — Options cheap, big move expected"
2026-05-07 15:10:45 IST,24334.55,24350,14.94,0.5,0.6,"IV LOW — Options cheap, big move expected"
2026-05-07 15:15:55 IST,24315.7,24300,15.2,1.0,5.0,"IV LOW — Options cheap, big move expected"
2026-05-07 15:20:44 IST,24301.2,24300,15.1,0.8,2.4,"IV LOW — Options cheap, big move expected"
2026-05-07 15:25:52 IST,24327.3,24350,14.51,-0.2,0.0,"IV LOW — Options cheap, big move expected"
2026-05-07 15:31:09 IST,24318.55,24300,14.85,0.6,0.6,"IV LOW — Options cheap, big move expected"
2026-05-07 15:35:46 IST,24318.55,24300,14.85,0.6,0.6,"IV LOW — Options cheap, big move expected"
2026-05-07 15:40:55 IST,24318.55,24300,14.86,0.6,0.9,"IV LOW — Options cheap, big move expected"
2026-05-07 15:45:49 IST,24318.55,24300,14.86,0.6,0.9,"IV LOW — Options cheap, big move expected"
2026-05-07 15:50:49 IST,24318.55,24300,14.87,0.6,1.2,"IV LOW — Options cheap, big move expected"
2026-05-07 15:55:37 IST,24318.55,24300,14.87,0.6,1.2,"IV LOW — Options cheap, big move expected"
2026-05-07 16:01:03 IST,24318.55,24300,14.88,0.6,1.6,"IV LOW — Options cheap, big move expected"
2026-05-07 16:05:48 IST,24318.55,24300,14.88,0.6,1.5,"IV LOW — Options cheap, big move expected"
2026-05-07 16:10:44 IST,24318.55,24300,14.89,0.6,1.9,"IV LOW — Options cheap, big move expected"
2026-05-07 16:15:56 IST,24318.55,24300,14.89,0.6,1.9,"IV LOW — Options cheap, big move expected"
2026-05-07 16:20:46 IST,24318.55,24300,14.9,0.6,2.2,"IV LOW — Options cheap, big move expected"
2026-05-07 16:25:38 IST,24318.55,24300,14.9,0.6,2.2,"IV LOW — Options cheap, big move expected"
2026-05-08 09:01:04 IST,24318.55,24300,16.07,2.6,36.7,"IV LOW — Options cheap, big move expected"
2026-05-08 09:05:46 IST,24214.0,24200,17.16,4.4,50.8,"IV LOW — Options cheap, big move expected"
2026-05-08 09:10:49 IST,24202.05,24200,17.2,4.5,51.0,"IV LOW — Options cheap, big move expected"
2026-05-08 09:15:46 IST,24233.65,24250,16.61,3.5,46.3,"IV LOW — Options cheap, big move expected"
2026-05-08 09:20:49 IST,24213.9,24200,14.81,0.5,0.5,"IV LOW — Options cheap, big move expected"
2026-05-08 09:25:35 IST,24217.75,24200,15.83,2.2,31.1,"IV LOW — Options cheap, big move expected"
2026-05-08 09:35:48 IST,24238.0,24250,16.25,2.9,40.9,"IV LOW — Options cheap, big move expected"
2026-05-08 09:40:41 IST,24192.05,24200,15.9,2.3,33.3,"IV LOW — Options cheap, big move expected"
2026-05-08 09:45:43 IST,24190.55,24200,15.86,2.2,32.2,"IV LOW — Options cheap, big move expected"
2026-05-08 09:50:55 IST,24153.8,24150,16.05,2.6,36.4,"IV LOW — Options cheap, big move expected"
2026-05-08 09:55:45 IST,24169.2,24150,16.16,2.7,38.6,"IV LOW — Options cheap, big move expected"
2026-05-08 10:00:55 IST,24185.0,24200,16.02,2.5,36.0,"IV LOW — Options cheap, big move expected"
2026-05-08 10:05:49 IST,24185.0,24200,16.02,2.5,35.9,"IV LOW — Options cheap, big move expected"
2026-05-08 10:10:51 IST,24187.6,24200,15.96,2.4,34.5,"IV LOW — Options cheap, big move expected"
2026-05-08 10:15:40 IST,24189.2,24200,15.89,2.3,32.6,"IV LOW — Options cheap, big move expected"
2026-05-08 10:20:43 IST,24207.9,24200,15.95,2.4,34.5,"IV LOW — Options cheap, big move expected"
2026-05-08 10:25:46 IST,24207.15,24200,15.8,2.1,29.8,"IV LOW — Options cheap, big move expected"
2026-05-08 10:31:21 IST,24228.7,24250,15.66,1.9,26.5,"IV LOW — Options cheap, big move expected"
2026-05-08 10:35:39 IST,24237.5,24250,15.79,2.1,29.6,"IV LOW — Options cheap, big move expected"
2026-05-08 10:40:49 IST,24235.0,24250,15.72,2.0,28.4,"IV LOW — Options cheap, big move expected"
2026-05-08 10:45:54 IST,24235.0,24250,15.73,2.0,28.9,"IV LOW — Options cheap, big move expected"
2026-05-08 10:50:44 IST,24231.5,24250,15.68,1.9,27.1,"IV LOW — Options cheap, big move expected"
2026-05-08 10:55:49 IST,24217.95,24200,15.75,2.1,29.3,"IV LOW — Options cheap, big move expected"
